,fake_dir,transform,repo_id,distance_metric,ap,tpr5fpr
0,/home/stu14/s16/acm7552/Capstone/data/Real_AI_SD_LD_Dataset/test/AI_LD_art_nouveau,clean,CompVis/stable-diffusion-v1-1,lpips_vgg_0,0.9980059392987964,1.0
17,/home/stu14/s16/acm7552/Capstone/data/Real_AI_SD_LD_Dataset/test/AI_LD_art_nouveau,clean,CompVis/stable-diffusion-v1-1,lpips_vgg_1,0.9236100579088002,0.44
34,/home/stu14/s16/acm7552/Capstone/data/Real_AI_SD_LD_Dataset/test/AI_LD_art_nouveau,clean,CompVis/stable-diffusion-v1-1,lpips_vgg_2,0.9992307692307693,1.0
51,/home/stu14/s16/acm7552/Capstone/data/Real_AI_SD_LD_Dataset/test/AI_LD_art_nouveau,clean,CompVis/stable-diffusion-v1-1,lpips_vgg_3,0.9979574812903886,1.0
68,/home/stu14/s16/acm7552/Capstone/data/Real_AI_SD_LD_Dataset/test/AI_LD_art_nouveau,clean,CompVis/stable-diffusion-v1-1,lpips_vgg_4,0.9780522595903662,0.98
85,/home/stu14/s16/acm7552/Capstone/data/Real_AI_SD_LD_Dataset/test/AI_LD_art_nouveau,clean,CompVis/stable-diffusion-v1-1,lpips_vgg_5,0.9845840596361116,0.82
102,/home/stu14/s16/acm7552/Capstone/data/Real_AI_SD_LD_Dataset/test/AI_LD_art_nouveau,clean,max,lpips_vgg_0,0.9980059392987964,1.0
119,/home/stu14/s16/acm7552/Capstone/data/Real_AI_SD_LD_Dataset/test/AI_LD_art_nouveau,clean,max,lpips_vgg_1,0.9236100579088002,0.44
136,/home/stu14/s16/acm7552/Capstone/data/Real_AI_SD_LD_Dataset/test/AI_LD_art_nouveau,clean,max,lpips_vgg_2,0.9992307692307693,1.0
153,/home/stu14/s16/acm7552/Capstone/data/Real_AI_SD_LD_Dataset/test/AI_LD_art_nouveau,clean,max,lpips_vgg_3,0.9979574812903886,1.0
170,/home/stu14/s16/acm7552/Capstone/data/Real_AI_SD_LD_Dataset/test/AI_LD_art_nouveau,clean,max,lpips_vgg_4,0.9780522595903662,0.98
187,/home/stu14/s16/acm7552/Capstone/data/Real_AI_SD_LD_Dataset/test/AI_LD_art_nouveau,clean,max,lpips_vgg_5,0.9845840596361116,0.82
5,/home/stu14/s16/acm7552/Capstone/data/Real_AI_SD_LD_Dataset/test/AI_LD_baroque,clean,CompVis/stable-diffusion-v1-1,lpips_vgg_0,0.9941886372646436,0.96
22,/home/stu14/s16/acm7552/Capstone/data/Real_AI_SD_LD_Dataset/test/AI_LD_baroque,clean,CompVis/stable-diffusion-v1-1,lpips_vgg_1,0.9226149714266261,0.48
39,/home/stu14/s16/acm7552/Capstone/data/Real_AI_SD_LD_Dataset/test/AI_LD_baroque,clean,CompVis/stable-diffusion-v1-1,lpips_vgg_2,0.9921601504762858,0.92
56,/home/stu14/s16/acm7552/Capstone/data/Real_AI_SD_LD_Dataset/test/AI_LD_baroque,clean,CompVis/stable-diffusion-v1-1,lpips_vgg_3,0.9923636336846844,1.0
73,/home/stu14/s16/acm7552/Capstone/data/Real_AI_SD_LD_Dataset/test/AI_LD_baroque,clean,CompVis/stable-diffusion-v1-1,lpips_vgg_4,0.9754569663396495,0.92
90,/home/stu14/s16/acm7552/Capstone/data/Real_AI_SD_LD_Dataset/test/AI_LD_baroque,clean,CompVis/stable-diffusion-v1-1,lpips_vgg_5,0.9900937458899643,0.88
107,/home/stu14/s16/acm7552/Capstone/data/Real_AI_SD_LD_Dataset/test/AI_LD_baroque,clean,max,lpips_vgg_0,0.9941886372646436,0.96
124,/home/stu14/s16/acm7552/Capstone/data/Real_AI_SD_LD_Dataset/test/AI_LD_baroque,clean,max,lpips_vgg_1,0.9226149714266261,0.48
141,/home/stu14/s16/acm7552/Capstone/data/Real_AI_SD_LD_Dataset/test/AI_LD_baroque,clean,max,lpips_vgg_2,0.9921601504762858,0.92
158,/home/stu14/s16/acm7552/Capstone/data/Real_AI_SD_LD_Dataset/test/AI_LD_baroque,clean,max,lpips_vgg_3,0.9923636336846844,1.0
175,/home/stu14/s16/acm7552/Capstone/data/Real_AI_SD_LD_Dataset/test/AI_LD_baroque,clean,max,lpips_vgg_4,0.9754569663396495,0.92
192,/home/stu14/s16/acm7552/Capstone/data/Real_AI_SD_LD_Dataset/test/AI_LD_baroque,clean,max,lpips_vgg_5,0.9900937458899643,0.88
10,/home/stu14/s16/acm7552/Capstone/data/Real_AI_SD_LD_Dataset/test/AI_LD_expressionism,clean,CompVis/stable-diffusion-v1-1,lpips_vgg_0,0.9766237021646504,0.86
27,/home/stu14/s16/acm7552/Capstone/data/Real_AI_SD_LD_Dataset/test/AI_LD_expressionism,clean,CompVis/stable-diffusion-v1-1,lpips_vgg_1,0.9702427744969612,0.74
44,/home/stu14/s16/acm7552/Capstone/data/Real_AI_SD_LD_Dataset/test/AI_LD_expressionism,clean,CompVis/stable-diffusion-v1-1,lpips_vgg_2,0.9898127554904641,0.94
61,/home/stu14/s16/acm7552/Capstone/data/Real_AI_SD_LD_Dataset/test/AI_LD_expressionism,clean,CompVis/stable-diffusion-v1-1,lpips_vgg_3,0.9857570882098013,0.94
78,/home/stu14/s16/acm7552/Capstone/data/Real_AI_SD_LD_Dataset/test/AI_LD_expressionism,clean,CompVis/stable-diffusion-v1-1,lpips_vgg_4,0.9128979083314466,0.62
95,/home/stu14/s16/acm7552/Capstone/data/Real_AI_SD_LD_Dataset/test/AI_LD_expressionism,clean,CompVis/stable-diffusion-v1-1,lpips_vgg_5,0.8468786839989975,0.2
112,/home/stu14/s16/acm7552/Capstone/data/Real_AI_SD_LD_Dataset/test/AI_LD_expressionism,clean,max,lpips_vgg_0,0.9766237021646504,0.86
129,/home/stu14/s16/acm7552/Capstone/data/Real_AI_SD_LD_Dataset/test/AI_LD_expressionism,clean,max,lpips_vgg_1,0.9702427744969612,0.74
146,/home/stu14/s16/acm7552/Capstone/data/Real_AI_SD_LD_Dataset/test/AI_LD_expressionism,clean,max,lpips_vgg_2,0.9898127554904641,0.94
163,/home/stu14/s16/acm7552/Capstone/data/Real_AI_SD_LD_Dataset/test/AI_LD_expressionism,clean,max,lpips_vgg_3,0.9857570882098013,0.94
180,/home/stu14/s16/acm7552/Capstone/data/Real_AI_SD_LD_Dataset/test/AI_LD_expressionism,clean,max,lpips_vgg_4,0.9128979083314466,0.62
197,/home/stu14/s16/acm7552/Capstone/data/Real_AI_SD_LD_Dataset/test/AI_LD_expressionism,clean,max,lpips_vgg_5,0.8468786839989975,0.2
15,/home/stu14/s16/acm7552/Capstone/data/Real_AI_SD_LD_Dataset/test/AI_LD_impressionism,clean,CompVis/stable-diffusion-v1-1,lpips_vgg_0,0.9688417916392397,0.8
32,/home/stu14/s16/acm7552/Capstone/data/Real_AI_SD_LD_Dataset/test/AI_LD_impressionism,clean,CompVis/stable-diffusion-v1-1,lpips_vgg_1,0.9547441958537976,0.64
49,/home/stu14/s16/acm7552/Capstone/data/Real_AI_SD_LD_Dataset/test/AI_LD_impressionism,clean,CompVis/stable-diffusion-v1-1,lpips_vgg_2,0.996117878262416,0.98
66,/home/stu14/s16/acm7552/Capstone/data/Real_AI_SD_LD_Dataset/test/AI_LD_impressionism,clean,CompVis/stable-diffusion-v1-1,lpips_vgg_3,0.9855653218704274,0.98
83,/home/stu14/s16/acm7552/Capstone/data/Real_AI_SD_LD_Dataset/test/AI_LD_impressionism,clean,CompVis/stable-diffusion-v1-1,lpips_vgg_4,0.8845060841406165,0.5
100,/home/stu14/s16/acm7552/Capstone/data/Real_AI_SD_LD_Dataset/test/AI_LD_impressionism,clean,CompVis/stable-diffusion-v1-1,lpips_vgg_5,0.8402995868613664,0.2
117,/home/stu14/s16/acm7552/Capstone/data/Real_AI_SD_LD_Dataset/test/AI_LD_impressionism,clean,max,lpips_vgg_0,0.9688417916392397,0.8
134,/home/stu14/s16/acm7552/Capstone/data/Real_AI_SD_LD_Dataset/test/AI_LD_impressionism,clean,max,lpips_vgg_1,0.9547441958537976,0.64
151,/home/stu14/s16/acm7552/Capstone/data/Real_AI_SD_LD_Dataset/test/AI_LD_impressionism,clean,max,lpips_vgg_2,0.996117878262416,0.98
168,/home/stu14/s16/acm7552/Capstone/data/Real_AI_SD_LD_Dataset/test/AI_LD_impressionism,clean,max,lpips_vgg_3,0.9855653218704274,0.98
185,/home/stu14/s16/acm7552/Capstone/data/Real_AI_SD_LD_Dataset/test/AI_LD_impressionism,clean,max,lpips_vgg_4,0.8845060841406165,0.5
202,/home/stu14/s16/acm7552/Capstone/data/Real_AI_SD_LD_Dataset/test/AI_LD_impressionism,clean,max,lpips_vgg_5,0.8402995868613664,0.2
1,/home/stu14/s16/acm7552/Capstone/data/Real_AI_SD_LD_Dataset/test/AI_LD_post_impressionism,clean,CompVis/stable-diffusion-v1-1,lpips_vgg_0,0.9397616569470455,0.52
18,/home/stu14/s16/acm7552/Capstone/data/Real_AI_SD_LD_Dataset/test/AI_LD_post_impressionism,clean,CompVis/stable-diffusion-v1-1,lpips_vgg_1,0.8997497864082118,0.38
35,/home/stu14/s16/acm7552/Capstone/data/Real_AI_SD_LD_Dataset/test/AI_LD_post_impressionism,clean,CompVis/stable-diffusion-v1-1,lpips_vgg_2,0.9866448592668485,0.9
52,/home/stu14/s16/acm7552/Capstone/data/Real_AI_SD_LD_Dataset/test/AI_LD_post_impressionism,clean,CompVis/stable-diffusion-v1-1,lpips_vgg_3,0.9606059084564191,0.86
69,/home/stu14/s16/acm7552/Capstone/data/Real_AI_SD_LD_Dataset/test/AI_LD_post_impressionism,clean,CompVis/stable-diffusion-v1-1,lpips_vgg_4,0.8522961152129472,0.34
86,/home/stu14/s16/acm7552/Capstone/data/Real_AI_SD_LD_Dataset/test/AI_LD_post_impressionism,clean,CompVis/stable-diffusion-v1-1,lpips_vgg_5,0.8456084991541342,0.24
103,/home/stu14/s16/acm7552/Capstone/data/Real_AI_SD_LD_Dataset/test/AI_LD_post_impressionism,clean,max,lpips_vgg_0,0.9397616569470455,0.52
120,/home/stu14/s16/acm7552/Capstone/data/Real_AI_SD_LD_Dataset/test/AI_LD_post_impressionism,clean,max,lpips_vgg_1,0.8997497864082118,0.38
137,/home/stu14/s16/acm7552/Capstone/data/Real_AI_SD_LD_Dataset/test/AI_LD_post_impressionism,clean,max,lpips_vgg_2,0.9866448592668485,0.9
154,/home/stu14/s16/acm7552/Capstone/data/Real_AI_SD_LD_Dataset/test/AI_LD_post_impressionism,clean,max,lpips_vgg_3,0.9606059084564191,0.86
171,/home/stu14/s16/acm7552/Capstone/data/Real_AI_SD_LD_Dataset/test/AI_LD_post_impressionism,clean,max,lpips_vgg_4,0.8522961152129472,0.34
188,/home/stu14/s16/acm7552/Capstone/data/Real_AI_SD_LD_Dataset/test/AI_LD_post_impressionism,clean,max,lpips_vgg_5,0.8456084991541342,0.24
6,/home/stu14/s16/acm7552/Capstone/data/Real_AI_SD_LD_Dataset/test/AI_LD_realism,clean,CompVis/stable-diffusion-v1-1,lpips_vgg_0,0.986258507912176,0.9
23,/home/stu14/s16/acm7552/Capstone/data/Real_AI_SD_LD_Dataset/test/AI_LD_realism,clean,CompVis/stable-diffusion-v1-1,lpips_vgg_1,0.9792640997436135,0.78
40,/home/stu14/s16/acm7552/Capstone/data/Real_AI_SD_LD_Dataset/test/AI_LD_realism,clean,CompVis/stable-diffusion-v1-1,lpips_vgg_2,0.973969908612738,0.82
57,/home/stu14/s16/acm7552/Capstone/data/Real_AI_SD_LD_Dataset/test/AI_LD_realism,clean,CompVis/stable-diffusion-v1-1,lpips_vgg_3,0.979795258510956,0.96
74,/home/stu14/s16/acm7552/Capstone/data/Real_AI_SD_LD_Dataset/test/AI_LD_realism,clean,CompVis/stable-diffusion-v1-1,lpips_vgg_4,0.9433374718007594,0.9
91,/home/stu14/s16/acm7552/Capstone/data/Real_AI_SD_LD_Dataset/test/AI_LD_realism,clean,CompVis/stable-diffusion-v1-1,lpips_vgg_5,0.9657555931288895,0.64
108,/home/stu14/s16/acm7552/Capstone/data/Real_AI_SD_LD_Dataset/test/AI_LD_realism,clean,max,lpips_vgg_0,0.986258507912176,0.9
125,/home/stu14/s16/acm7552/Capstone/data/Real_AI_SD_LD_Dataset/test/AI_LD_realism,clean,max,lpips_vgg_1,0.9792640997436135,0.78
142,/home/stu14/s16/acm7552/Capstone/data/Real_AI_SD_LD_Dataset/test/AI_LD_realism,clean,max,lpips_vgg_2,0.973969908612738,0.82
159,/home/stu14/s16/acm7552/Capstone/data/Real_AI_SD_LD_Dataset/test/AI_LD_realism,clean,max,lpips_vgg_3,0.979795258510956,0.96
176,/home/stu14/s16/acm7552/Capstone/data/Real_AI_SD_LD_Dataset/test/AI_LD_realism,clean,max,lpips_vgg_4,0.9433374718007594,0.9
193,/home/stu14/s16/acm7552/Capstone/data/Real_AI_SD_LD_Dataset/test/AI_LD_realism,clean,max,lpips_vgg_5,0.9657555931288895,0.64
11,/home/stu14/s16/acm7552/Capstone/data/Real_AI_SD_LD_Dataset/test/AI_LD_renaissance,clean,CompVis/stable-diffusion-v1-1,lpips_vgg_0,0.9980059392987966,1.0
28,/home/stu14/s16/acm7552/Capstone/data/Real_AI_SD_LD_Dataset/test/AI_LD_renaissance,clean,CompVis/stable-diffusion-v1-1,lpips_vgg_1,0.9874769156284879,0.9
45,/home/stu14/s16/acm7552/Capstone/data/Real_AI_SD_LD_Dataset/test/AI_LD_renaissance,clean,CompVis/stable-diffusion-v1-1,lpips_vgg_2,0.9949672261107485,0.96
62,/home/stu14/s16/acm7552/Capstone/data/Real_AI_SD_LD_Dataset/test/AI_LD_renaissance,clean,CompVis/stable-diffusion-v1-1,lpips_vgg_3,0.9962466348762173,1.0
79,/home/stu14/s16/acm7552/Capstone/data/Real_AI_SD_LD_Dataset/test/AI_LD_renaissance,clean,CompVis/stable-diffusion-v1-1,lpips_vgg_4,0.9881080248581617,0.98
96,/home/stu14/s16/acm7552/Capstone/data/Real_AI_SD_LD_Dataset/test/AI_LD_renaissance,clean,CompVis/stable-diffusion-v1-1,lpips_vgg_5,0.9940087208691348,0.94
113,/home/stu14/s16/acm7552/Capstone/data/Real_AI_SD_LD_Dataset/test/AI_LD_renaissance,clean,max,lpips_vgg_0,0.9980059392987966,1.0
130,/home/stu14/s16/acm7552/Capstone/data/Real_AI_SD_LD_Dataset/test/AI_LD_renaissance,clean,max,lpips_vgg_1,0.9874769156284879,0.9
147,/home/stu14/s16/acm7552/Capstone/data/Real_AI_SD_LD_Dataset/test/AI_LD_renaissance,clean,max,lpips_vgg_2,0.9949672261107485,0.96
164,/home/stu14/s16/acm7552/Capstone/data/Real_AI_SD_LD_Dataset/test/AI_LD_renaissance,clean,max,lpips_vgg_3,0.9962466348762173,1.0
181,/home/stu14/s16/acm7552/Capstone/data/Real_AI_SD_LD_Dataset/test/AI_LD_renaissance,clean,max,lpips_vgg_4,0.9881080248581617,0.98
198,/home/stu14/s16/acm7552/Capstone/data/Real_AI_SD_LD_Dataset/test/AI_LD_renaissance,clean,max,lpips_vgg_5,0.9940087208691348,0.94
16,/home/stu14/s16/acm7552/Capstone/data/Real_AI_SD_LD_Dataset/test/AI_LD_romanticism,clean,CompVis/stable-diffusion-v1-1,lpips_vgg_0,0.9820362667503665,0.9
33,/home/stu14/s16/acm7552/Capstone/data/Real_AI_SD_LD_Dataset/test/AI_LD_romanticism,clean,CompVis/stable-diffusion-v1-1,lpips_vgg_1,0.9769585694314753,0.78
50,/home/stu14/s16/acm7552/Capstone/data/Real_AI_SD_LD_Dataset/test/AI_LD_romanticism,clean,CompVis/stable-diffusion-v1-1,lpips_vgg_2,0.9758333358837287,0.82
67,/home/stu14/s16/acm7552/Capstone/data/Real_AI_SD_LD_Dataset/test/AI_LD_romanticism,clean,CompVis/stable-diffusion-v1-1,lpips_vgg_3,0.9793101883795796,0.98
84,/home/stu14/s16/acm7552/Capstone/data/Real_AI_SD_LD_Dataset/test/AI_LD_romanticism,clean,CompVis/stable-diffusion-v1-1,lpips_vgg_4,0.9326124458838635,0.78
101,/home/stu14/s16/acm7552/Capstone/data/Real_AI_SD_LD_Dataset/test/AI_LD_romanticism,clean,CompVis/stable-diffusion-v1-1,lpips_vgg_5,0.9260852813950751,0.4
118,/home/stu14/s16/acm7552/Capstone/data/Real_AI_SD_LD_Dataset/test/AI_LD_romanticism,clean,max,lpips_vgg_0,0.9820362667503665,0.9
135,/home/stu14/s16/acm7552/Capstone/data/Real_AI_SD_LD_Dataset/test/AI_LD_romanticism,clean,max,lpips_vgg_1,0.9769585694314753,0.78
152,/home/stu14/s16/acm7552/Capstone/data/Real_AI_SD_LD_Dataset/test/AI_LD_romanticism,clean,max,lpips_vgg_2,0.9758333358837287,0.82
169,/home/stu14/s16/acm7552/Capstone/data/Real_AI_SD_LD_Dataset/test/AI_LD_romanticism,clean,max,lpips_vgg_3,0.9793101883795796,0.98
186,/home/stu14/s16/acm7552/Capstone/data/Real_AI_SD_LD_Dataset/test/AI_LD_romanticism,clean,max,lpips_vgg_4,0.9326124458838635,0.78
203,/home/stu14/s16/acm7552/Capstone/data/Real_AI_SD_LD_Dataset/test/AI_LD_romanticism,clean,max,lpips_vgg_5,0.9260852813950751,0.4
2,/home/stu14/s16/acm7552/Capstone/data/Real_AI_SD_LD_Dataset/test/AI_LD_surrealism,clean,CompVis/stable-diffusion-v1-1,lpips_vgg_0,0.9444316126289137,0.6
19,/home/stu14/s16/acm7552/Capstone/data/Real_AI_SD_LD_Dataset/test/AI_LD_surrealism,clean,CompVis/stable-diffusion-v1-1,lpips_vgg_1,0.911222362791738,0.4
36,/home/stu14/s16/acm7552/Capstone/data/Real_AI_SD_LD_Dataset/test/AI_LD_surrealism,clean,CompVis/stable-diffusion-v1-1,lpips_vgg_2,0.9734021190750246,0.86
53,/home/stu14/s16/acm7552/Capstone/data/Real_AI_SD_LD_Dataset/test/AI_LD_surrealism,clean,CompVis/stable-diffusion-v1-1,lpips_vgg_3,0.9566579737372247,0.88
70,/home/stu14/s16/acm7552/Capstone/data/Real_AI_SD_LD_Dataset/test/AI_LD_surrealism,clean,CompVis/stable-diffusion-v1-1,lpips_vgg_4,0.8690318699189022,0.42
87,/home/stu14/s16/acm7552/Capstone/data/Real_AI_SD_LD_Dataset/test/AI_LD_surrealism,clean,CompVis/stable-diffusion-v1-1,lpips_vgg_5,0.8459659309045129,0.2
104,/home/stu14/s16/acm7552/Capstone/data/Real_AI_SD_LD_Dataset/test/AI_LD_surrealism,clean,max,lpips_vgg_0,0.9444316126289137,0.6
121,/home/stu14/s16/acm7552/Capstone/data/Real_AI_SD_LD_Dataset/test/AI_LD_surrealism,clean,max,lpips_vgg_1,0.911222362791738,0.4
138,/home/stu14/s16/acm7552/Capstone/data/Real_AI_SD_LD_Dataset/test/AI_LD_surrealism,clean,max,lpips_vgg_2,0.9734021190750246,0.86
155,/home/stu14/s16/acm7552/Capstone/data/Real_AI_SD_LD_Dataset/test/AI_LD_surrealism,clean,max,lpips_vgg_3,0.9566579737372247,0.88
172,/home/stu14/s16/acm7552/Capstone/data/Real_AI_SD_LD_Dataset/test/AI_LD_surrealism,clean,max,lpips_vgg_4,0.8690318699189022,0.42
189,/home/stu14/s16/acm7552/Capstone/data/Real_AI_SD_LD_Dataset/test/AI_LD_surrealism,clean,max,lpips_vgg_5,0.8459659309045129,0.2
7,/home/stu14/s16/acm7552/Capstone/data/Real_AI_SD_LD_Dataset/test/AI_LD_ukiyo-e,clean,CompVis/stable-diffusion-v1-1,lpips_vgg_0,0.9992078431372549,1.0
24,/home/stu14/s16/acm7552/Capstone/data/Real_AI_SD_LD_Dataset/test/AI_LD_ukiyo-e,clean,CompVis/stable-diffusion-v1-1,lpips_vgg_1,0.9519660992848418,0.58
41,/home/stu14/s16/acm7552/Capstone/data/Real_AI_SD_LD_Dataset/test/AI_LD_ukiyo-e,clean,CompVis/stable-diffusion-v1-1,lpips_vgg_2,0.9969342047930283,0.98
58,/home/stu14/s16/acm7552/Capstone/data/Real_AI_SD_LD_Dataset/test/AI_LD_ukiyo-e,clean,CompVis/stable-diffusion-v1-1,lpips_vgg_3,1.0,1.0
75,/home/stu14/s16/acm7552/Capstone/data/Real_AI_SD_LD_Dataset/test/AI_LD_ukiyo-e,clean,CompVis/stable-diffusion-v1-1,lpips_vgg_4,0.9956925030375438,1.0
92,/home/stu14/s16/acm7552/Capstone/data/Real_AI_SD_LD_Dataset/test/AI_LD_ukiyo-e,clean,CompVis/stable-diffusion-v1-1,lpips_vgg_5,0.9743238817750395,0.72
109,/home/stu14/s16/acm7552/Capstone/data/Real_AI_SD_LD_Dataset/test/AI_LD_ukiyo-e,clean,max,lpips_vgg_0,0.9992078431372549,1.0
126,/home/stu14/s16/acm7552/Capstone/data/Real_AI_SD_LD_Dataset/test/AI_LD_ukiyo-e,clean,max,lpips_vgg_1,0.9519660992848418,0.58
143,/home/stu14/s16/acm7552/Capstone/data/Real_AI_SD_LD_Dataset/test/AI_LD_ukiyo-e,clean,max,lpips_vgg_2,0.9969342047930283,0.98
160,/home/stu14/s16/acm7552/Capstone/data/Real_AI_SD_LD_Dataset/test/AI_LD_ukiyo-e,clean,max,lpips_vgg_3,1.0,1.0
177,/home/stu14/s16/acm7552/Capstone/data/Real_AI_SD_LD_Dataset/test/AI_LD_ukiyo-e,clean,max,lpips_vgg_4,0.9956925030375438,1.0
194,/home/stu14/s16/acm7552/Capstone/data/Real_AI_SD_LD_Dataset/test/AI_LD_ukiyo-e,clean,max,lpips_vgg_5,0.9743238817750395,0.72
12,/home/stu14/s16/acm7552/Capstone/data/Real_AI_SD_LD_Dataset/test/AI_SD_art_nouveau,clean,CompVis/stable-diffusion-v1-1,lpips_vgg_0,0.9586579203940686,0.72
29,/home/stu14/s16/acm7552/Capstone/data/Real_AI_SD_LD_Dataset/test/AI_SD_art_nouveau,clean,CompVis/stable-diffusion-v1-1,lpips_vgg_1,0.9332482346662674,0.48
46,/home/stu14/s16/acm7552/Capstone/data/Real_AI_SD_LD_Dataset/test/AI_SD_art_nouveau,clean,CompVis/stable-diffusion-v1-1,lpips_vgg_2,0.8903087547188124,0.46
63,/home/stu14/s16/acm7552/Capstone/data/Real_AI_SD_LD_Dataset/test/AI_SD_art_nouveau,clean,CompVis/stable-diffusion-v1-1,lpips_vgg_3,0.9793593387002456,0.94
80,/home/stu14/s16/acm7552/Capstone/data/Real_AI_SD_LD_Dataset/test/AI_SD_art_nouveau,clean,CompVis/stable-diffusion-v1-1,lpips_vgg_4,0.9170315453988267,0.94
97,/home/stu14/s16/acm7552/Capstone/data/Real_AI_SD_LD_Dataset/test/AI_SD_art_nouveau,clean,CompVis/stable-diffusion-v1-1,lpips_vgg_5,0.8523228225882098,0.18
114,/home/stu14/s16/acm7552/Capstone/data/Real_AI_SD_LD_Dataset/test/AI_SD_art_nouveau,clean,max,lpips_vgg_0,0.9586579203940686,0.72
131,/home/stu14/s16/acm7552/Capstone/data/Real_AI_SD_LD_Dataset/test/AI_SD_art_nouveau,clean,max,lpips_vgg_1,0.9332482346662674,0.48
148,/home/stu14/s16/acm7552/Capstone/data/Real_AI_SD_LD_Dataset/test/AI_SD_art_nouveau,clean,max,lpips_vgg_2,0.8903087547188124,0.46
165,/home/stu14/s16/acm7552/Capstone/data/Real_AI_SD_LD_Dataset/test/AI_SD_art_nouveau,clean,max,lpips_vgg_3,0.9793593387002456,0.94
182,/home/stu14/s16/acm7552/Capstone/data/Real_AI_SD_LD_Dataset/test/AI_SD_art_nouveau,clean,max,lpips_vgg_4,0.9170315453988267,0.94
199,/home/stu14/s16/acm7552/Capstone/data/Real_AI_SD_LD_Dataset/test/AI_SD_art_nouveau,clean,max,lpips_vgg_5,0.8523228225882098,0.18
3,/home/stu14/s16/acm7552/Capstone/data/Real_AI_SD_LD_Dataset/test/AI_SD_expressionism,clean,CompVis/stable-diffusion-v1-1,lpips_vgg_0,0.8863031207926443,0.42
20,/home/stu14/s16/acm7552/Capstone/data/Real_AI_SD_LD_Dataset/test/AI_SD_expressionism,clean,CompVis/stable-diffusion-v1-1,lpips_vgg_1,0.9860929505360816,0.86
37,/home/stu14/s16/acm7552/Capstone/data/Real_AI_SD_LD_Dataset/test/AI_SD_expressionism,clean,CompVis/stable-diffusion-v1-1,lpips_vgg_2,0.9688315486616244,0.78
54,/home/stu14/s16/acm7552/Capstone/data/Real_AI_SD_LD_Dataset/test/AI_SD_expressionism,clean,CompVis/stable-diffusion-v1-1,lpips_vgg_3,0.9713787617063641,0.98
71,/home/stu14/s16/acm7552/Capstone/data/Real_AI_SD_LD_Dataset/test/AI_SD_expressionism,clean,CompVis/stable-diffusion-v1-1,lpips_vgg_4,0.7793997817422221,0.1
88,/home/stu14/s16/acm7552/Capstone/data/Real_AI_SD_LD_Dataset/test/AI_SD_expressionism,clean,CompVis/stable-diffusion-v1-1,lpips_vgg_5,0.5960111763959026,0.0
105,/home/stu14/s16/acm7552/Capstone/data/Real_AI_SD_LD_Dataset/test/AI_SD_expressionism,clean,max,lpips_vgg_0,0.8863031207926443,0.42
122,/home/stu14/s16/acm7552/Capstone/data/Real_AI_SD_LD_Dataset/test/AI_SD_expressionism,clean,max,lpips_vgg_1,0.9860929505360816,0.86
139,/home/stu14/s16/acm7552/Capstone/data/Real_AI_SD_LD_Dataset/test/AI_SD_expressionism,clean,max,lpips_vgg_2,0.9688315486616244,0.78
156,/home/stu14/s16/acm7552/Capstone/data/Real_AI_SD_LD_Dataset/test/AI_SD_expressionism,clean,max,lpips_vgg_3,0.9713787617063641,0.98
173,/home/stu14/s16/acm7552/Capstone/data/Real_AI_SD_LD_Dataset/test/AI_SD_expressionism,clean,max,lpips_vgg_4,0.7793997817422221,0.1
190,/home/stu14/s16/acm7552/Capstone/data/Real_AI_SD_LD_Dataset/test/AI_SD_expressionism,clean,max,lpips_vgg_5,0.5960111763959026,0.0
8,/home/stu14/s16/acm7552/Capstone/data/Real_AI_SD_LD_Dataset/test/AI_SD_impressionism,clean,CompVis/stable-diffusion-v1-1,lpips_vgg_0,0.725740270405271,0.0
25,/home/stu14/s16/acm7552/Capstone/data/Real_AI_SD_LD_Dataset/test/AI_SD_impressionism,clean,CompVis/stable-diffusion-v1-1,lpips_vgg_1,0.8811536144594212,0.3
42,/home/stu14/s16/acm7552/Capstone/data/Real_AI_SD_LD_Dataset/test/AI_SD_impressionism,clean,CompVis/stable-diffusion-v1-1,lpips_vgg_2,0.9316395456513062,0.56
59,/home/stu14/s16/acm7552/Capstone/data/Real_AI_SD_LD_Dataset/test/AI_SD_impressionism,clean,CompVis/stable-diffusion-v1-1,lpips_vgg_3,0.916430797432008,0.88
76,/home/stu14/s16/acm7552/Capstone/data/Real_AI_SD_LD_Dataset/test/AI_SD_impressionism,clean,CompVis/stable-diffusion-v1-1,lpips_vgg_4,0.4768196681081601,0.0
93,/home/stu14/s16/acm7552/Capstone/data/Real_AI_SD_LD_Dataset/test/AI_SD_impressionism,clean,CompVis/stable-diffusion-v1-1,lpips_vgg_5,0.4385777644148661,0.0
110,/home/stu14/s16/acm7552/Capstone/data/Real_AI_SD_LD_Dataset/test/AI_SD_impressionism,clean,max,lpips_vgg_0,0.725740270405271,0.0
127,/home/stu14/s16/acm7552/Capstone/data/Real_AI_SD_LD_Dataset/test/AI_SD_impressionism,clean,max,lpips_vgg_1,0.8811536144594212,0.3
144,/home/stu14/s16/acm7552/Capstone/data/Real_AI_SD_LD_Dataset/test/AI_SD_impressionism,clean,max,lpips_vgg_2,0.9316395456513062,0.56
161,/home/stu14/s16/acm7552/Capstone/data/Real_AI_SD_LD_Dataset/test/AI_SD_impressionism,clean,max,lpips_vgg_3,0.916430797432008,0.88
178,/home/stu14/s16/acm7552/Capstone/data/Real_AI_SD_LD_Dataset/test/AI_SD_impressionism,clean,max,lpips_vgg_4,0.4768196681081601,0.0
195,/home/stu14/s16/acm7552/Capstone/data/Real_AI_SD_LD_Dataset/test/AI_SD_impressionism,clean,max,lpips_vgg_5,0.4385777644148661,0.0
13,/home/stu14/s16/acm7552/Capstone/data/Real_AI_SD_LD_Dataset/test/AI_SD_post_impressionism,clean,CompVis/stable-diffusion-v1-1,lpips_vgg_0,0.7482679627775493,0.04
30,/home/stu14/s16/acm7552/Capstone/data/Real_AI_SD_LD_Dataset/test/AI_SD_post_impressionism,clean,CompVis/stable-diffusion-v1-1,lpips_vgg_1,0.8858686967757875,0.32
47,/home/stu14/s16/acm7552/Capstone/data/Real_AI_SD_LD_Dataset/test/AI_SD_post_impressionism,clean,CompVis/stable-diffusion-v1-1,lpips_vgg_2,0.9376841319777729,0.6
64,/home/stu14/s16/acm7552/Capstone/data/Real_AI_SD_LD_Dataset/test/AI_SD_post_impressionism,clean,CompVis/stable-diffusion-v1-1,lpips_vgg_3,0.9176788500153578,0.78
81,/home/stu14/s16/acm7552/Capstone/data/Real_AI_SD_LD_Dataset/test/AI_SD_post_impressionism,clean,CompVis/stable-diffusion-v1-1,lpips_vgg_4,0.545229530566289,0.0
98,/home/stu14/s16/acm7552/Capstone/data/Real_AI_SD_LD_Dataset/test/AI_SD_post_impressionism,clean,CompVis/stable-diffusion-v1-1,lpips_vgg_5,0.4486719731335289,0.0
115,/home/stu14/s16/acm7552/Capstone/data/Real_AI_SD_LD_Dataset/test/AI_SD_post_impressionism,clean,max,lpips_vgg_0,0.7482679627775493,0.04
132,/home/stu14/s16/acm7552/Capstone/data/Real_AI_SD_LD_Dataset/test/AI_SD_post_impressionism,clean,max,lpips_vgg_1,0.8858686967757875,0.32
149,/home/stu14/s16/acm7552/Capstone/data/Real_AI_SD_LD_Dataset/test/AI_SD_post_impressionism,clean,max,lpips_vgg_2,0.9376841319777729,0.6
166,/home/stu14/s16/acm7552/Capstone/data/Real_AI_SD_LD_Dataset/test/AI_SD_post_impressionism,clean,max,lpips_vgg_3,0.9176788500153578,0.78
183,/home/stu14/s16/acm7552/Capstone/data/Real_AI_SD_LD_Dataset/test/AI_SD_post_impressionism,clean,max,lpips_vgg_4,0.545229530566289,0.0
200,/home/stu14/s16/acm7552/Capstone/data/Real_AI_SD_LD_Dataset/test/AI_SD_post_impressionism,clean,max,lpips_vgg_5,0.4486719731335289,0.0
4,/home/stu14/s16/acm7552/Capstone/data/Real_AI_SD_LD_Dataset/test/AI_SD_renaissance,clean,CompVis/stable-diffusion-v1-1,lpips_vgg_0,0.8843750773631643,0.3
21,/home/stu14/s16/acm7552/Capstone/data/Real_AI_SD_LD_Dataset/test/AI_SD_renaissance,clean,CompVis/stable-diffusion-v1-1,lpips_vgg_1,0.8033097080457906,0.1
38,/home/stu14/s16/acm7552/Capstone/data/Real_AI_SD_LD_Dataset/test/AI_SD_renaissance,clean,CompVis/stable-diffusion-v1-1,lpips_vgg_2,0.8819181554090869,0.42
55,/home/stu14/s16/acm7552/Capstone/data/Real_AI_SD_LD_Dataset/test/AI_SD_renaissance,clean,CompVis/stable-diffusion-v1-1,lpips_vgg_3,0.9292527191961265,0.9
72,/home/stu14/s16/acm7552/Capstone/data/Real_AI_SD_LD_Dataset/test/AI_SD_renaissance,clean,CompVis/stable-diffusion-v1-1,lpips_vgg_4,0.850534156010063,0.42
89,/home/stu14/s16/acm7552/Capstone/data/Real_AI_SD_LD_Dataset/test/AI_SD_renaissance,clean,CompVis/stable-diffusion-v1-1,lpips_vgg_5,0.7286043271539192,0.0
106,/home/stu14/s16/acm7552/Capstone/data/Real_AI_SD_LD_Dataset/test/AI_SD_renaissance,clean,max,lpips_vgg_0,0.8843750773631643,0.3
123,/home/stu14/s16/acm7552/Capstone/data/Real_AI_SD_LD_Dataset/test/AI_SD_renaissance,clean,max,lpips_vgg_1,0.8033097080457906,0.1
140,/home/stu14/s16/acm7552/Capstone/data/Real_AI_SD_LD_Dataset/test/AI_SD_renaissance,clean,max,lpips_vgg_2,0.8819181554090869,0.42
157,/home/stu14/s16/acm7552/Capstone/data/Real_AI_SD_LD_Dataset/test/AI_SD_renaissance,clean,max,lpips_vgg_3,0.9292527191961265,0.9
174,/home/stu14/s16/acm7552/Capstone/data/Real_AI_SD_LD_Dataset/test/AI_SD_renaissance,clean,max,lpips_vgg_4,0.850534156010063,0.42
191,/home/stu14/s16/acm7552/Capstone/data/Real_AI_SD_LD_Dataset/test/AI_SD_renaissance,clean,max,lpips_vgg_5,0.7286043271539192,0.0
9,/home/stu14/s16/acm7552/Capstone/data/Real_AI_SD_LD_Dataset/test/AI_SD_romanticism,clean,CompVis/stable-diffusion-v1-1,lpips_vgg_0,0.5005431544433754,0.0
26,/home/stu14/s16/acm7552/Capstone/data/Real_AI_SD_LD_Dataset/test/AI_SD_romanticism,clean,CompVis/stable-diffusion-v1-1,lpips_vgg_1,0.6075634153359948,0.0
43,/home/stu14/s16/acm7552/Capstone/data/Real_AI_SD_LD_Dataset/test/AI_SD_romanticism,clean,CompVis/stable-diffusion-v1-1,lpips_vgg_2,0.4413208169743626,0.02
60,/home/stu14/s16/acm7552/Capstone/data/Real_AI_SD_LD_Dataset/test/AI_SD_romanticism,clean,CompVis/stable-diffusion-v1-1,lpips_vgg_3,0.4733771548361979,0.02
77,/home/stu14/s16/acm7552/Capstone/data/Real_AI_SD_LD_Dataset/test/AI_SD_romanticism,clean,CompVis/stable-diffusion-v1-1,lpips_vgg_4,0.49491625802616723,0.0
94,/home/stu14/s16/acm7552/Capstone/data/Real_AI_SD_LD_Dataset/test/AI_SD_romanticism,clean,CompVis/stable-diffusion-v1-1,lpips_vgg_5,0.4912011717318286,0.0
111,/home/stu14/s16/acm7552/Capstone/data/Real_AI_SD_LD_Dataset/test/AI_SD_romanticism,clean,max,lpips_vgg_0,0.5005431544433754,0.0
128,/home/stu14/s16/acm7552/Capstone/data/Real_AI_SD_LD_Dataset/test/AI_SD_romanticism,clean,max,lpips_vgg_1,0.6075634153359948,0.0
145,/home/stu14/s16/acm7552/Capstone/data/Real_AI_SD_LD_Dataset/test/AI_SD_romanticism,clean,max,lpips_vgg_2,0.4413208169743626,0.02
162,/home/stu14/s16/acm7552/Capstone/data/Real_AI_SD_LD_Dataset/test/AI_SD_romanticism,clean,max,lpips_vgg_3,0.4733771548361979,0.02
179,/home/stu14/s16/acm7552/Capstone/data/Real_AI_SD_LD_Dataset/test/AI_SD_romanticism,clean,max,lpips_vgg_4,0.49491625802616723,0.0
196,/home/stu14/s16/acm7552/Capstone/data/Real_AI_SD_LD_Dataset/test/AI_SD_romanticism,clean,max,lpips_vgg_5,0.4912011717318286,0.0
14,/home/stu14/s16/acm7552/Capstone/data/Real_AI_SD_LD_Dataset/test/AI_SD_surrealism,clean,CompVis/stable-diffusion-v1-1,lpips_vgg_0,0.8533916966961743,0.26
31,/home/stu14/s16/acm7552/Capstone/data/Real_AI_SD_LD_Dataset/test/AI_SD_surrealism,clean,CompVis/stable-diffusion-v1-1,lpips_vgg_1,0.9568592467224095,0.66
48,/home/stu14/s16/acm7552/Capstone/data/Real_AI_SD_LD_Dataset/test/AI_SD_surrealism,clean,CompVis/stable-diffusion-v1-1,lpips_vgg_2,0.595025897321085,0.08
65,/home/stu14/s16/acm7552/Capstone/data/Real_AI_SD_LD_Dataset/test/AI_SD_surrealism,clean,CompVis/stable-diffusion-v1-1,lpips_vgg_3,0.7316186021261266,0.18
82,/home/stu14/s16/acm7552/Capstone/data/Real_AI_SD_LD_Dataset/test/AI_SD_surrealism,clean,CompVis/stable-diffusion-v1-1,lpips_vgg_4,0.7984532218350197,0.18
99,/home/stu14/s16/acm7552/Capstone/data/Real_AI_SD_LD_Dataset/test/AI_SD_surrealism,clean,CompVis/stable-diffusion-v1-1,lpips_vgg_5,0.8449287419164018,0.14
116,/home/stu14/s16/acm7552/Capstone/data/Real_AI_SD_LD_Dataset/test/AI_SD_surrealism,clean,max,lpips_vgg_0,0.8533916966961743,0.26
133,/home/stu14/s16/acm7552/Capstone/data/Real_AI_SD_LD_Dataset/test/AI_SD_surrealism,clean,max,lpips_vgg_1,0.9568592467224095,0.66
150,/home/stu14/s16/acm7552/Capstone/data/Real_AI_SD_LD_Dataset/test/AI_SD_surrealism,clean,max,lpips_vgg_2,0.595025897321085,0.08
167,/home/stu14/s16/acm7552/Capstone/data/Real_AI_SD_LD_Dataset/test/AI_SD_surrealism,clean,max,lpips_vgg_3,0.7316186021261266,0.18
184,/home/stu14/s16/acm7552/Capstone/data/Real_AI_SD_LD_Dataset/test/AI_SD_surrealism,clean,max,lpips_vgg_4,0.7984532218350197,0.18
201,/home/stu14/s16/acm7552/Capstone/data/Real_AI_SD_LD_Dataset/test/AI_SD_surrealism,clean,max,lpips_vgg_5,0.8449287419164018,0.14
